category_id,category_name,revenue,units,orders
cat_004,Kelly-Santiago,3870314.34,14615,7100
cat_024,"Patterson, Smith and Jones",3852768.63,14440,7023
cat_018,Phillips Inc,3845317.53,14960,7271
cat_014,"Anderson, Walls and Duncan",3832986.97,15173,7393
cat_010,Burns-Rodriguez,3788780.85,14671,7134
cat_005,Cameron-Parsons,3783330.7,14497,7064
cat_021,Mitchell-Kim,3760898.31,14261,6800
cat_011,Spence PLC,3660207.2,13781,6655
cat_006,"Ellis, Baker and Wright",3622136.05,14354,6983
cat_012,Carney-Santos,3587541.24,14776,7197
