product_a,product_a_name,product_b,product_b_name,co_count
prod_00152,Front-Line Object-Oriented Info-Mediaries,prod_02664,Seamless Client-Server Graphic Interface,3
prod_00912,Implemented Logistical Superstructure,prod_01164,Adaptive Well-Modulated Moratorium,3
prod_00814,Up-Sized Upward-Trending Moratorium,prod_03567,Cloned Systemic Help-Desk,3
prod_01391,Organized Scalable Hierarchy,prod_02137,Enterprise-Wide Dynamic Challenge,3
prod_01116,Ergonomic 24Hour Strategy,prod_01584,Ameliorated 5Thgeneration Graphical User Interface,3
prod_03301,Self-Enabling Methodical Software,prod_03678,Object-Based Client-Server Leverage,3
prod_02088,Stand-Alone 24Hour Portal,prod_03191,Public-Key Non-Volatile Database,3
prod_00734,Upgradable Needs-Based Task-Force,prod_03351,Grass-Roots Background Synergy,3
prod_00201,Persevering Holistic Secured Line,prod_00763,Down-Sized Object-Oriented Internet Solution,2
prod_01321,Compatible Encompassing Time-Frame,prod_03873,Customizable Fresh-Thinking Superstructure,2
