[{"category_id": "cat_000", "name": "Rodriguez, Figueroa and Sanchez", "subcategories": [{"subcategory_id": "sub_000_00", "name": "enable sticky methodologies", "profit_margin": 0.13}, {"subcategory_id": "sub_000_01", "name": "extend e-business applications", "profit_margin": 0.32}, {"subcategory_id": "sub_000_02", "name": "brand robust web-readiness", "profit_margin": 0.17}, {"subcategory_id": "sub_000_03", "name": "evolve killer e-services", "profit_margin": 0.14}, {"subcategory_id": "sub_000_04", "name": "deliver proactive schemas", "profit_margin": 0.13}]}, {"category_id": "cat_001", "name": "Baldwin Ltd", "subcategories": [{"subcategory_id": "sub_001_00", "name": "incubate next-generation e-services", "profit_margin": 0.37}, {"subcategory_id": "sub_001_01", "name": "grow efficient synergies", "profit_margin": 0.13}, {"subcategory_id": "sub_001_02", "name": "engineer granular e-commerce", "profit_margin": 0.23}, {"subcategory_id": "sub_001_03", "name": "facilitate efficient eyeballs", "profit_margin": 0.11}, {"subcategory_id": "sub_001_04", "name": "architect cross-platform platforms", "profit_margin": 0.17}]}, {"category_id": "cat_002", "name": "James LLC", "subcategories": [{"subcategory_id": "sub_002_00", "name": "iterate cross-media metrics", "profit_margin": 0.28}, {"subcategory_id": "sub_002_01", "name": "morph revolutionary bandwidth", "profit_margin": 0.27}, {"subcategory_id": "sub_002_02", "name": "incubate 24/7 architectures", "profit_margin": 0.31}, {"subcategory_id": "sub_002_03", "name": "evolve distributed functionalities", "profit_margin": 0.31}, {"subcategory_id": "sub_002_04", "name": "re-intermediate bricks-and-clicks networks", "profit_margin": 0.23}]}, {"category_id": "cat_003", "name": "Bush Inc", "subcategories": [{"subcategory_id": "sub_003_00", "name": "repurpose bleeding-edge technologies", "profit_margin": 0.28}, {"subcategory_id": "sub_003_01", "name": "evolve bleeding-edge platforms", "profit_margin": 0.34}, {"subcategory_id": "sub_003_02", "name": "synergize efficient bandwidth", "profit_margin": 0.1}, {"subcategory_id": "sub_003_03", "name": "whiteboard bricks-and-clicks communities", "profit_margin": 0.34}]}, {"category_id": "cat_004", "name": "Kelly-Santiago", "subcategories": [{"subcategory_id": "sub_004_00", "name": "scale intuitive metrics", "profit_margin": 0.23}, {"subcategory_id": "sub_004_01", "name": "whiteboard frictionless users", "profit_margin": 0.18}, {"subcategory_id": "sub_004_02", "name": "drive interactive communities", "profit_margin": 0.16}, {"subcategory_id": "sub_004_03", "name": "target enterprise niches", "profit_margin": 0.33}, {"subcategory_id": "sub_004_04", "name": "re-contextualize magnetic methodologies", "profit_margin": 0.13}]}, {"category_id": "cat_005", "name": "Cameron-Parsons", "subcategories": [{"subcategory_id": "sub_005_00", "name": "enhance robust vortals", "profit_margin": 0.13}, {"subcategory_id": "sub_005_01", "name": "strategize real-time partnerships", "profit_margin": 0.35}, {"subcategory_id": "sub_005_02", "name": "architect turn-key e-tailers", "profit_margin": 0.28}, {"subcategory_id": "sub_005_03", "name": "visualize rich interfaces", "profit_margin": 0.34}]}, {"category_id": "cat_006", "name": "Ellis, Baker and Wright", "subcategories": [{"subcategory_id": "sub_006_00", "name": "engage back-end applications", "profit_margin": 0.24}, {"subcategory_id": "sub_006_01", "name": "brand wireless relationships", "profit_margin": 0.14}, {"subcategory_id": "sub_006_02", "name": "enhance global mindshare", "profit_margin": 0.38}, {"subcategory_id": "sub_006_03", "name": "synthesize e-business markets", "profit_margin": 0.12}, {"subcategory_id": "sub_006_04", "name": "cultivate one-to-one eyeballs", "profit_margin": 0.19}]}, {"category_id": "cat_007", "name": "Moore, Becker and Carlson", "subcategories": [{"subcategory_id": "sub_007_00", "name": "synergize enterprise metrics", "profit_margin": 0.29}, {"subcategory_id": "sub_007_01", "name": "target dot-com schemas", "profit_margin": 0.36}, {"subcategory_id": "sub_007_02", "name": "cultivate value-added methodologies", "profit_margin": 0.27}, {"subcategory_id": "sub_007_03", "name": "drive one-to-one methodologies", "profit_margin": 0.31}, {"subcategory_id": "sub_007_04", "name": "matrix real-time experiences", "profit_margin": 0.11}]}, {"category_id": "cat_008", "name": "Rodriguez-Graham", "subcategories": [{"subcategory_id": "sub_008_00", "name": "target clicks-and-mortar portals", "profit_margin": 0.33}, {"subcategory_id": "sub_008_01", "name": "deliver virtual mindshare", "profit_margin": 0.4}, {"subcategory_id": "sub_008_02", "name": "redefine sticky functionalities", "profit_margin": 0.36}]}, {"category_id": "cat_009", "name": "Skinner-Romero", "subcategories": [{"subcategory_id": "sub_009_00", "name": "aggregate B2C relationships", "profit_margin": 0.21}, {"subcategory_id": "sub_009_01", "name": "engineer granular users", "profit_margin": 0.24}, {"subcategory_id": "sub_009_02", "name": "revolutionize clicks-and-mortar metrics", "profit_margin": 0.35}]}, {"category_id": "cat_010", "name": "Burns-Rodriguez", "subcategories": [{"subcategory_id": "sub_010_00", "name": "disintermediate extensible action-items", "profit_margin": 0.21}, {"subcategory_id": "sub_010_01", "name": "streamline web-enabled networks", "profit_margin": 0.16}, {"subcategory_id": "sub_010_02", "name": "evolve strategic models", "profit_margin": 0.18}]}, {"category_id": "cat_011", "name": "Spence PLC", "subcategories": [{"subcategory_id": "sub_011_00", "name": "revolutionize end-to-end channels", "profit_margin": 0.29}, {"subcategory_id": "sub_011_01", "name": "repurpose collaborative schemas", "profit_margin": 0.28}, {"subcategory_id": "sub_011_02", "name": "leverage back-end deliverables", "profit_margin": 0.15}, {"subcategory_id": "sub_011_03", "name": "cultivate cutting-edge e-tailers", "profit_margin": 0.32}, {"subcategory_id": "sub_011_04", "name": "re-contextualize 24/365 content", "profit_margin": 0.15}]}, {"category_id": "cat_012", "name": "Carney-Santos", "subcategories": [{"subcategory_id": "sub_012_00", "name": "grow customized initiatives", "profit_margin": 0.18}, {"subcategory_id": "sub_012_01", "name": "incentivize magnetic partnerships", "profit_margin": 0.38}, {"subcategory_id": "sub_012_02", "name": "facilitate vertical applications", "profit_margin": 0.31}, {"subcategory_id": "sub_012_03", "name": "engage bleeding-edge applications", "profit_margin": 0.17}]}, {"category_id": "cat_013", "name": "Smith Ltd", "subcategories": [{"subcategory_id": "sub_013_00", "name": "whiteboard leading-edge e-services", "profit_margin": 0.35}, {"subcategory_id": "sub_013_01", "name": "optimize robust supply-chains", "profit_margin": 0.33}, {"subcategory_id": "sub_013_02", "name": "optimize web-enabled niches", "profit_margin": 0.17}, {"subcategory_id": "sub_013_03", "name": "repurpose holistic e-tailers", "profit_margin": 0.11}]}, {"category_id": "cat_014", "name": "Anderson, Walls and Duncan", "subcategories": [{"subcategory_id": "sub_014_00", "name": "syndicate interactive info-mediaries", "profit_margin": 0.22}, {"subcategory_id": "sub_014_01", "name": "exploit transparent solutions", "profit_margin": 0.12}, {"subcategory_id": "sub_014_02", "name": "transform mission-critical web services", "profit_margin": 0.37}, {"subcategory_id": "sub_014_03", "name": "brand synergistic e-commerce", "profit_margin": 0.27}]}, {"category_id": "cat_015", "name": "Owens-Daniel", "subcategories": [{"subcategory_id": "sub_015_00", "name": "innovate mission-critical markets", "profit_margin": 0.19}, {"subcategory_id": "sub_015_01", "name": "strategize cross-platform platforms", "profit_margin": 0.3}, {"subcategory_id": "sub_015_02", "name": "incentivize dynamic solutions", "profit_margin": 0.22}, {"subcategory_id": "sub_015_03", "name": "incubate customized channels", "profit_margin": 0.37}, {"subcategory_id": "sub_015_04", "name": "brand viral niches", "profit_margin": 0.24}]}, {"category_id": "cat_016", "name": "Wright-Leblanc", "subcategories": [{"subcategory_id": "sub_016_00", "name": "grow mission-critical markets", "profit_margin": 0.14}, {"subcategory_id": "sub_016_01", "name": "visualize value-added infrastructures", "profit_margin": 0.32}, {"subcategory_id": "sub_016_02", "name": "re-contextualize web-enabled communities", "profit_margin": 0.26}, {"subcategory_id": "sub_016_03", "name": "deploy holistic info-mediaries", "profit_margin": 0.32}]}, {"category_id": "cat_017", "name": "Hancock Inc", "subcategories": [{"subcategory_id": "sub_017_00", "name": "leverage enterprise synergies", "profit_margin": 0.37}, {"subcategory_id": "sub_017_01", "name": "synergize back-end bandwidth", "profit_margin": 0.22}, {"subcategory_id": "sub_017_02", "name": "envisioneer cutting-edge schemas", "profit_margin": 0.17}, {"subcategory_id": "sub_017_03", "name": "repurpose holistic eyeballs", "profit_margin": 0.4}]}, {"category_id": "cat_018", "name": "Phillips Inc", "subcategories": [{"subcategory_id": "sub_018_00", "name": "benchmark leading-edge vortals", "profit_margin": 0.25}, {"subcategory_id": "sub_018_01", "name": "streamline scalable applications", "profit_margin": 0.33}, {"subcategory_id": "sub_018_02", "name": "syndicate granular markets", "profit_margin": 0.36}, {"subcategory_id": "sub_018_03", "name": "deliver strategic ROI", "profit_margin": 0.15}, {"subcategory_id": "sub_018_04", "name": "optimize innovative methodologies", "profit_margin": 0.15}]}, {"category_id": "cat_019", "name": "Powell PLC", "subcategories": [{"subcategory_id": "sub_019_00", "name": "incentivize revolutionary e-business", "profit_margin": 0.23}, {"subcategory_id": "sub_019_01", "name": "evolve next-generation web services", "profit_margin": 0.12}, {"subcategory_id": "sub_019_02", "name": "benchmark turn-key portals", "profit_margin": 0.21}, {"subcategory_id": "sub_019_03", "name": "architect turn-key action-items", "profit_margin": 0.4}, {"subcategory_id": "sub_019_04", "name": "morph impactful channels", "profit_margin": 0.26}]}, {"category_id": "cat_020", "name": "Brewer, Bryant and Hickman", "subcategories": [{"subcategory_id": "sub_020_00", "name": "re-contextualize intuitive synergies", "profit_margin": 0.36}, {"subcategory_id": "sub_020_01", "name": "target mission-critical partnerships", "profit_margin": 0.1}, {"subcategory_id": "sub_020_02", "name": "incubate killer mindshare", "profit_margin": 0.32}, {"subcategory_id": "sub_020_03", "name": "morph end-to-end convergence", "profit_margin": 0.3}, {"subcategory_id": "sub_020_04", "name": "matrix innovative action-items", "profit_margin": 0.26}]}, {"category_id": "cat_021", "name": "Mitchell-Kim", "subcategories": [{"subcategory_id": "sub_021_00", "name": "incubate seamless e-business", "profit_margin": 0.33}, {"subcategory_id": "sub_021_01", "name": "exploit value-added web services", "profit_margin": 0.2}, {"subcategory_id": "sub_021_02", "name": "transition seamless web services", "profit_margin": 0.19}, {"subcategory_id": "sub_021_03", "name": "transform global portals", "profit_margin": 0.15}]}, {"category_id": "cat_022", "name": "Preston Ltd", "subcategories": [{"subcategory_id": "sub_022_00", "name": "engage B2C niches", "profit_margin": 0.39}, {"subcategory_id": "sub_022_01", "name": "envisioneer best-of-breed supply-chains", "profit_margin": 0.36}, {"subcategory_id": "sub_022_02", "name": "architect back-end mindshare", "profit_margin": 0.18}]}, {"category_id": "cat_023", "name": "King-Odonnell", "subcategories": [{"subcategory_id": "sub_023_00", "name": "streamline e-business functionalities", "profit_margin": 0.33}, {"subcategory_id": "sub_023_01", "name": "brand efficient paradigms", "profit_margin": 0.25}, {"subcategory_id": "sub_023_02", "name": "implement open-source channels", "profit_margin": 0.13}, {"subcategory_id": "sub_023_03", "name": "whiteboard back-end communities", "profit_margin": 0.29}, {"subcategory_id": "sub_023_04", "name": "extend visionary schemas", "profit_margin": 0.35}]}, {"category_id": "cat_024", "name": "Patterson, Smith and Jones", "subcategories": [{"subcategory_id": "sub_024_00", "name": "matrix B2C users", "profit_margin": 0.28}, {"subcategory_id": "sub_024_01", "name": "integrate out-of-the-box applications", "profit_margin": 0.15}, {"subcategory_id": "sub_024_02", "name": "engage B2B e-commerce", "profit_margin": 0.33}, {"subcategory_id": "sub_024_03", "name": "enable revolutionary content", "profit_margin": 0.26}, {"subcategory_id": "sub_024_04", "name": "disintermediate revolutionary convergence", "profit_margin": 0.33}]}]